SNAME,LASTOBS,DESCRIPTIO,EODATA,BESTSOURCE,EOSIZE_AC,REP_ACC,LOC_UNCERT,source,state,county,site,year,lifestage,Lon,Lat,POINT_X,POINT_Y
Zoraena sayi,3/22/2021,"1987-04-12: Seepage bog bayhead; pitcher plants at head of spring from seepage along hillside. Pine trees nearby tree cover, bog area open and exposed to direct sunlight, eventually forms small trickle stream with titi, wax myrtle (U87DAI01FLUS).",Species observed yearly from 1981-1987. Not found in 1989. One male collected in 2021.,"DAIGLE, JERRELL J. 1987. FIELD REPORT FORM, OCCURRENCE OF CORDULEGASTER SAYI, BLACKWATER RIVER STATE FOREST, SANTA ROSA COUNTY, 87/04/12. SUBMITTED 1987/05/21.",1123.7268,"High ( >80%, <=95% )",Compound(negligible in part),FNAI,FL,Santa Rosa, ,2021,nymph,-86.81685867,30.72628984,130454.9844,749565.2487
Zoraena sayi,7/17/2010,"Deep Springs Park, a small county park at headwaters of seepage stream tributary to Econfina Creek; southern half of park appears (aerial photo) highly disturbed (cleared for pasture or agriculture)  (U10KEP02FLUS).","2010-07-17: E. and L. Keppner (PNDKEP02FLUS, PNDKEP03FLUS) collected and identified nymphs; identity confirmed by S. Krotzer (PNDKRO10FLUS); specimen(s) in both Keppner and Krotzer collections (U10KEP02FLUS).","Keppner, E. J.  2010.  Field report form -- occurrence of Cordulegaster sayi in Bay County, Florida.  18 August 2010.",0.0156,Very High ( >95% ),Negligible,FNAI,FL,Bay, ,2010,nymph,-85.45277146,30.51677838,260652.6031,724038.8447
Zoraena sayi,10/12/2012,"2012-10: larva(e) netted from brown muck along a seepage stream ravine (U13KEP04FLUS, U15KEP04FLUS, PNDKEP02FLUS).","2012-10-10 and/or 12: Keppner et al. collected larva(e) (U13KEP04FLUS, U15KEP04FLUS, PNDKEP02FLUS).","Keppner, E. 2013.  Field forms documenting 2012 records for Say's Spiketail (Cordulegaster sayi) in Washington County, Florida.",0.0448,"High ( >80%, <=95% )",Areal-estim,FNAI,FL,Washington, ,2012,nymph,-85.86402,30.46466,221184.5033,718806.1489
Zoraena sayi,10/7/2012,2012-10-07: seepage ravine stream with 2 small impounded sections below collecting site (U13KEP04FLUS).,2012-10-07: one larva netted from muck (U13KEP04FLUS).,"Keppner, E. J.  2015.  Locality data for Cordulegaster sayi in Florida.  Revision (by D. Jackson) of excel file e-mailed to Florida Natural Areas Inventory on 9 February 2016.",0.0448,"High ( >80%, <=95% )",Areal-estim,FNAI,FL,Washington, ,2012,nymph,-85.6705,30.58822,239933.4227,732250.4173
Zoraena sayi,9/19/2012,"2012-09-19: The Daniels Lake hillside seepage stream parallels the entrance road and has a number of deep, soupy, mucky pools (U13KEP04FLUS).","2012-09-19: one nymph netted from muck (U13KEP04FLUS, U15KEP04FLUS).  2012-Pre: adults collected 27 Feb - 22 April along seepage stream (A12KEP01FLUS).","Keppner, E. J.  2015.  Locality data for Cordulegaster sayi in Florida.  Revision (by D. Jackson) of excel file e-mailed to Florida Natural Areas Inventory on 9 February 2016.",0.0448,"High ( >80%, <=95% )",Areal-estim,FNAI,FL,Washington, ,2012,nymph,-85.65906,30.52729999,240942.0867,725475.1433
Zoraena sayi,11/16/2012,"2012-11-16: larva collected in muck along seepage stream ravine (U13KEP04FLUS, U15KEP04FLUS).",2012-11-16: one larva netted in muck (U13KEP04FLUS).,"Keppner, E. J.  2015.  Locality data for Cordulegaster sayi in Florida.  Revision (by D. Jackson) of excel file e-mailed to Florida Natural Areas Inventory on 9 February 2016.",0.0448,"High ( >80%, <=95% )",Areal-estim,FNAI,FL,Bay, ,2012,nymph,-85.57460001,30.39488999,248848.0578,710676.7144
Zoraena sayi,10/6/2008,Seepage stream: larva(e) netted in 2008 in muck near head.,"2008-10-06: Keppners collected larva(e) in muck (PNDKEP02FLUS, U11KEP01FLUS: 42, 43, 45; U15KEP04FLUS).<br /> ","Keppner, E. J.  2015.  Locality data for Cordulegaster sayi in Florida.  Revision (by D. Jackson) of excel file e-mailed to Florida Natural Areas Inventory on 9 February 2016.",0.0156,Very High ( >95% ),Negligible,FNAI,FL,Washington, ,2008,nymph,-85.84351001,30.48718002,223189.24,721275.45
Zoraena sayi,1/13/2015,Within Eglin Air Force Base. Juniper Creek is a seepage stream; specimens from headwaters.  Creek drains to Boggy Bayou and Choctawhatchee Bay.,"2015-01-13: nymph(s) collected; specimen #478 to Florida State Collection of Arthropods (PNDKEP02FLUS, U15KEP01FLUS, U15KEP04FLUS).","Keppner, E. J.  2015.  Locality data for Cordulegaster sayi in Florida.  Revision (by D. Jackson) of excel file e-mailed to Florida Natural Areas Inventory on 9 February 2016.",0.0156,Very High ( >95% ),Negligible,FNAI,FL,Okaloosa, ,2015,nymph,-86.51448557,30.6113744,159124.81,736191.46
Zoraena sayi,3/3/2011,"Extensive tract of single-owner private land. Russ Pond appears to be a high quality, oligotrophic lake in former sandhill, although most of that community has been converted to pine plantation.",Nymphs collected in steephead seepage ravine on 1 date in March 2011. ,"Keppner, E. J.  2015.  Locality data for Cordulegaster sayi in Florida.  Revision (by D. Jackson) of excel file e-mailed to Florida Natural Areas Inventory on 9 February 2016.",0.0156,Very High ( >95% ),Negligible,FNAI,FL,Washington, ,2011,nymph,-85.74140582,30.49673437,232996.34,722193.28
Zoraena sayi,12/22/2013,"Stewart Lake appears to be a sandhill upland lake.  Low-density residential development now exists on the north and east, possibly on the west as well.  Most of the former sandhill to the west and south has been converted to pine plantation.",Nymph(s) collected in steephead seepage ravine on 1 date in December 2013. ,"Keppner, E. J.  2015.  Locality data for Cordulegaster sayi in Florida.  Revision (by D. Jackson) of excel file e-mailed to Florida Natural Areas Inventory on 9 February 2016.",0.0156,Very High ( >95% ),Negligible,FNAI,FL,Washington, ,2013,nymph,-85.70585582,30.53756436,236485.9298,726676.1209
Zoraena sayi,3/4/2014,"Roach Lake appears to be a sandhill upland lake.  It is in a mostly rural area, although development is encroaching, with a network of roads in place to support a large subdivision north and east of the lake.",Nymph(s) collected at base of seepage ravine on 1 date in March 2014. ,"Keppner, E. J.  2015.  Locality data for Cordulegaster sayi in Florida.  Revision (by D. Jackson) of excel file e-mailed to Florida Natural Areas Inventory on 9 February 2016.",0.0156,Very High ( >95% ),Negligible,FNAI,FL,Washington, ,2014,nymph,-85.64496587,30.52431435,242285.35,725126.63
Zoraena sayi,2/2/2014,"Econfina Creek Water Management Area mostly protects floodplain of creek but continues into uplands, much of which is former sandhill that has been degraded by timbering and is in need of restoration and management.",Nymph(s) collected at seepage along Econfina Creek on 1 date in February 2014. ,"Keppner, E. J.  2015.  Locality data for Cordulegaster sayi in Florida.  Revision (by D. Jackson) of excel file e-mailed to Florida Natural Areas Inventory on 9 February 2016.",0.0156,Very High ( >95% ),Negligible,FNAI,FL,Washington, ,2014,nymph,-85.50628587,30.50948434,255558.1592,723311.7001
Zoraena sayi,1/29/2015,"Small nature preserve (Tumble Creek Audubon Preserve) along seepage stream system that emanates within sandhill of variable quality and integrity.  Much of surrounding area is probably in forestry, with low level of rural residential development.",Nymph(s) collected along creek seepage on 1 date in January 2015. ,"Keppner, E. J.  2015.  Locality data for Cordulegaster sayi in Florida.  Revision (by D. Jackson) of excel file e-mailed to Florida Natural Areas Inventory on 9 February 2016.",0.0156,Very High ( >95% ),Negligible,FNAI,FL,Washington, ,2015,nymph,-85.4382559,30.60564434,262208.41,733903.28
Zoraena sayi,1/22/2015,"Seepage stream system flowing through former sandhill, now of variable quality and integrity, from forested to cleared.  Some of surrounding area is in forestry/agriculture, with a low level of rural residential development.",Nymph(s) collected along creek seepage on 1 date in January 2015. ,"Keppner, E. J.  2015.  Locality data for Cordulegaster sayi in Florida.  Revision (by D. Jackson) of excel file e-mailed to Florida Natural Areas Inventory on 9 February 2016.",0.0156,Very High ( >95% ),Negligible,FNAI,FL,Bay, ,2015,nymph,-85.42574592,30.52690441,263363.1283,725177.2644
Zoraena sayi,4/22/2015,"2015 site on small tract of federal land managed as experimental forest. Much larger state acquisition project adjacent on east, extends south. Juniper Creek, a seepage stream, flows through former sandhill, mostly now cleared or in pine plantation.",Nymph(s) collected along creek seepage on 1 date in April 2015. ,"Keppner, E. J.  2015.  Locality data for Cordulegaster sayi in Florida.  Revision (by D. Jackson) of excel file e-mailed to Florida Natural Areas Inventory on 9 February 2016.",0.0156,Very High ( >95% ),Negligible,FNAI,FL,Calhoun, ,2015,nymph,-85.26212597,30.40404438,278862.762,711345.4854
Zoraena sayi,3/12/2015,"Within Apalachicola National Forest.  2015 site: streamside forests mostly intact, surrounding uplands (sandhill) variously timbered, including clearcuts; needs restoration.","As of 2016, nymph(s) collected at 1 seepage on 1 date in March 2015. ","Keppner, E. J.  2015.  Locality data for Cordulegaster sayi in Florida.  Revision (by D. Jackson) of excel file e-mailed to Florida Natural Areas Inventory on 9 February 2016.",0.0156,Very High ( >95% ),Negligible,FNAI,FL,Liberty, ,2015,nymph,-84.95207604,30.27973442,308514.0136,697284.0628
Zoraena sayi,3/25/2015,"State forest generally protecting stream systems and restoring sandhill uplands. Ravine drains to Lake Talquin, impoundment of Ochlockonee River.  Highway runs above ravine heads. National Forest to south.","Nymph(s) collected, 2 adults observed, at head of seepage ravine on 1 date in March 2015. ","Keppner, E. J.  2015.  Locality data for Cordulegaster sayi in Florida.  Revision (by D. Jackson) of excel file e-mailed to Florida Natural Areas Inventory on 9 February 2016.",0.0156,Very High ( >95% ),Negligible,FNAI,FL,Leon, ,2015,nymph,-84.44876624,30.44243433,356939.32,715066.46
Zoraena sayi,3/16/2018,Sandhill adjacent to a seepage wetland,10 individuals observed (U18FNA02FLUS),FNAI. 2018. Submissions to FNAI’s Online Rare Species Report Forms downloaded 2018-06-19.,0.4822,"High ( >80%, <=95% )",Areal-estim,FNAI,FL,Clay, ,2018,adult,-81.83444998,30.06523998,608295.046,675047.0742
Zoraena sayi,3/10/2014,2016: Mostly within state conservation lands. Multiple seepage stream ravines with mucky deposits; uplands (former sandhill) largely cleared (U13KEP04FLUS).,"Nymphs collected in multiple seepage ravines along Econfina Creek and 2 lakes during 2012 and 2014 (U13KEP04FLUS, U15KEP01FLUS, U15KEP04FLUS).","Keppner, E. J.  2015.  Locality data for Cordulegaster sayi in Florida.  Revision (by D. Jackson) of excel file e-mailed to Florida Natural Areas Inventory on 9 February 2016.",0.7081,Very High ( >95% ),Compound(negligible in part),FNAI,FL,Washington, ,2014,nymph,-85.55331,30.45830999,250977.2894,717699.3806
Zoraena sayi,3/10/2014,2016: Mostly within state conservation lands. Multiple seepage stream ravines with mucky deposits; uplands (former sandhill) largely cleared (U13KEP04FLUS).,"Nymphs collected in multiple seepage ravines along Econfina Creek and 2 lakes during 2012 and 2014 (U13KEP04FLUS, U15KEP01FLUS, U15KEP04FLUS).","Keppner, E. J.  2015.  Locality data for Cordulegaster sayi in Florida.  Revision (by D. Jackson) of excel file e-mailed to Florida Natural Areas Inventory on 9 February 2016.",0.7081,Very High ( >95% ),Compound(negligible in part),FNAI,FL,Washington, ,2014,nymph,-85.5287459,30.44644442,253320.47,716342.35
Zoraena sayi,3/10/2014,2016: Mostly within state conservation lands. Multiple seepage stream ravines with mucky deposits; uplands (former sandhill) largely cleared (U13KEP04FLUS).,"Nymphs collected in multiple seepage ravines along Econfina Creek and 2 lakes during 2012 and 2014 (U13KEP04FLUS, U15KEP01FLUS, U15KEP04FLUS).","Keppner, E. J.  2015.  Locality data for Cordulegaster sayi in Florida.  Revision (by D. Jackson) of excel file e-mailed to Florida Natural Areas Inventory on 9 February 2016.",0.7081,Very High ( >95% ),Compound(negligible in part),FNAI,FL,Washington, ,2014,nymph,-85.5406,30.45892001,252200.4527,717740.8967
Zoraena sayi,3/10/2014,2016: Mostly within state conservation lands. Multiple seepage stream ravines with mucky deposits; uplands (former sandhill) largely cleared (U13KEP04FLUS).,"Nymphs collected in multiple seepage ravines along Econfina Creek and 2 lakes during 2012 and 2014 (U13KEP04FLUS, U15KEP01FLUS, U15KEP04FLUS).","Keppner, E. J.  2015.  Locality data for Cordulegaster sayi in Florida.  Revision (by D. Jackson) of excel file e-mailed to Florida Natural Areas Inventory on 9 February 2016.",0.7081,Very High ( >95% ),Compound(negligible in part),FNAI,FL,Washington, ,2014,nymph,-85.53821001,30.46657,252430.1964,718596.831
Zoraena sayi,3/10/2014,2016: Mostly within state conservation lands. Multiple seepage stream ravines with mucky deposits; uplands (former sandhill) largely cleared (U13KEP04FLUS).,"Nymphs collected in multiple seepage ravines along Econfina Creek and 2 lakes during 2012 and 2014 (U13KEP04FLUS, U15KEP01FLUS, U15KEP04FLUS).","Keppner, E. J.  2015.  Locality data for Cordulegaster sayi in Florida.  Revision (by D. Jackson) of excel file e-mailed to Florida Natural Areas Inventory on 9 February 2016.",0.7081,Very High ( >95% ),Compound(negligible in part),FNAI,FL,Washington, ,2014,nymph,-85.54388592,30.45261539,251876.47,717045.23
Zoraena sayi,3/10/2014,2016: Mostly within state conservation lands. Multiple seepage stream ravines with mucky deposits; uplands (former sandhill) largely cleared (U13KEP04FLUS).,"Nymphs collected in multiple seepage ravines along Econfina Creek and 2 lakes during 2012 and 2014 (U13KEP04FLUS, U15KEP01FLUS, U15KEP04FLUS).","Keppner, E. J.  2015.  Locality data for Cordulegaster sayi in Florida.  Revision (by D. Jackson) of excel file e-mailed to Florida Natural Areas Inventory on 9 February 2016.",0.7081,Very High ( >95% ),Compound(negligible in part),FNAI,FL,Washington, ,2014,nymph,-85.54147,30.4564,252113.4967,717462.3
Zoraena sayi,3/10/2014,2016: Mostly within state conservation lands. Multiple seepage stream ravines with mucky deposits; uplands (former sandhill) largely cleared (U13KEP04FLUS).,"Nymphs collected in multiple seepage ravines along Econfina Creek and 2 lakes during 2012 and 2014 (U13KEP04FLUS, U15KEP01FLUS, U15KEP04FLUS).","Keppner, E. J.  2015.  Locality data for Cordulegaster sayi in Florida.  Revision (by D. Jackson) of excel file e-mailed to Florida Natural Areas Inventory on 9 February 2016.",0.7081,Very High ( >95% ),Compound(negligible in part),FNAI,FL,Washington, ,2014,nymph,-85.55396,30.47905,250946.9609,719990.7367
Zoraena sayi,2/7/2015,Series of ravine seepage streams downslope from sandhill undergoing residential and golf course development; nymphs netted from streamside mucks.<br /> ,"During 15 days in fall-early winter of 2012, 2013, 2014, and 2015, species found at ca. 30 seepages (U13KEP04FLUS, U15KEP01FLUS, U15KEP04FLUS).","Keppner, E. J.  2015.  Locality data for Cordulegaster sayi in Florida.  Revision (by D. Jackson) of excel file e-mailed to Florida Natural Areas Inventory on 9 February 2016.",1.0494,Very High ( >95% ),Compound(negligible in part),FNAI,FL,Washington, ,2015,nymph,-85.56529001,30.59537999,250024.1228,732912.6028
Zoraena sayi,2/7/2015,Series of ravine seepage streams downslope from sandhill undergoing residential and golf course development; nymphs netted from streamside mucks.<br /> ,"During 15 days in fall-early winter of 2012, 2013, 2014, and 2015, species found at ca. 30 seepages (U13KEP04FLUS, U15KEP01FLUS, U15KEP04FLUS).","Keppner, E. J.  2015.  Locality data for Cordulegaster sayi in Florida.  Revision (by D. Jackson) of excel file e-mailed to Florida Natural Areas Inventory on 9 February 2016.",1.0494,Very High ( >95% ),Compound(negligible in part),FNAI,FL,Washington, ,2015,nymph,-85.53725587,30.54501433,252640.36,727290.29
Zoraena sayi,2/7/2015,Series of ravine seepage streams downslope from sandhill undergoing residential and golf course development; nymphs netted from streamside mucks.<br /> ,"During 15 days in fall-early winter of 2012, 2013, 2014, and 2015, species found at ca. 30 seepages (U13KEP04FLUS, U15KEP01FLUS, U15KEP04FLUS).","Keppner, E. J.  2015.  Locality data for Cordulegaster sayi in Florida.  Revision (by D. Jackson) of excel file e-mailed to Florida Natural Areas Inventory on 9 February 2016.",1.0494,Very High ( >95% ),Compound(negligible in part),FNAI,FL,Washington, ,2015,nymph,-85.53378591,30.55343436,252984.59,728220.44
Zoraena sayi,2/7/2015,Series of ravine seepage streams downslope from sandhill undergoing residential and golf course development; nymphs netted from streamside mucks.<br /> ,"During 15 days in fall-early winter of 2012, 2013, 2014, and 2015, species found at ca. 30 seepages (U13KEP04FLUS, U15KEP01FLUS, U15KEP04FLUS).","Keppner, E. J.  2015.  Locality data for Cordulegaster sayi in Florida.  Revision (by D. Jackson) of excel file e-mailed to Florida Natural Areas Inventory on 9 February 2016.",1.0494,Very High ( >95% ),Compound(negligible in part),FNAI,FL,Washington, ,2015,nymph,-85.53637588,30.5545544,252731.0609,728349.101
Zoraena sayi,2/7/2015,Series of ravine seepage streams downslope from sandhill undergoing residential and golf course development; nymphs netted from streamside mucks.<br /> ,"During 15 days in fall-early winter of 2012, 2013, 2014, and 2015, species found at ca. 30 seepages (U13KEP04FLUS, U15KEP01FLUS, U15KEP04FLUS).","Keppner, E. J.  2015.  Locality data for Cordulegaster sayi in Florida.  Revision (by D. Jackson) of excel file e-mailed to Florida Natural Areas Inventory on 9 February 2016.",1.0494,Very High ( >95% ),Compound(negligible in part),FNAI,FL,Washington, ,2015,nymph,-85.53709998,30.56803,252687.1367,729843.9233
Zoraena sayi,2/7/2015,Series of ravine seepage streams downslope from sandhill undergoing residential and golf course development; nymphs netted from streamside mucks.<br /> ,"During 15 days in fall-early winter of 2012, 2013, 2014, and 2015, species found at ca. 30 seepages (U13KEP04FLUS, U15KEP01FLUS, U15KEP04FLUS).","Keppner, E. J.  2015.  Locality data for Cordulegaster sayi in Florida.  Revision (by D. Jackson) of excel file e-mailed to Florida Natural Areas Inventory on 9 February 2016.",1.0494,Very High ( >95% ),Compound(negligible in part),FNAI,FL,Washington, ,2015,nymph,-85.49578588,30.59828437,256687.13,733152.21
Zoraena sayi,2/7/2015,Series of ravine seepage streams downslope from sandhill undergoing residential and golf course development; nymphs netted from streamside mucks.<br /> ,"During 15 days in fall-early winter of 2012, 2013, 2014, and 2015, species found at ca. 30 seepages (U13KEP04FLUS, U15KEP01FLUS, U15KEP04FLUS).","Keppner, E. J.  2015.  Locality data for Cordulegaster sayi in Florida.  Revision (by D. Jackson) of excel file e-mailed to Florida Natural Areas Inventory on 9 February 2016.",1.0494,Very High ( >95% ),Compound(negligible in part),FNAI,FL,Washington, ,2015,nymph,-85.53858592,30.59336433,252579.81,732656.75
Zoraena sayi,2/7/2015,Series of ravine seepage streams downslope from sandhill undergoing residential and golf course development; nymphs netted from streamside mucks.<br /> ,"During 15 days in fall-early winter of 2012, 2013, 2014, and 2015, species found at ca. 30 seepages (U13KEP04FLUS, U15KEP01FLUS, U15KEP04FLUS).","Keppner, E. J.  2015.  Locality data for Cordulegaster sayi in Florida.  Revision (by D. Jackson) of excel file e-mailed to Florida Natural Areas Inventory on 9 February 2016.",1.0494,Very High ( >95% ),Compound(negligible in part),FNAI,FL,Washington, ,2015,nymph,-85.54431585,30.60249435,252043.51,733676.65
Zoraena sayi,2/7/2015,Series of ravine seepage streams downslope from sandhill undergoing residential and golf course development; nymphs netted from streamside mucks.<br /> ,"During 15 days in fall-early winter of 2012, 2013, 2014, and 2015, species found at ca. 30 seepages (U13KEP04FLUS, U15KEP01FLUS, U15KEP04FLUS).","Keppner, E. J.  2015.  Locality data for Cordulegaster sayi in Florida.  Revision (by D. Jackson) of excel file e-mailed to Florida Natural Areas Inventory on 9 February 2016.",1.0494,Very High ( >95% ),Compound(negligible in part),FNAI,FL,Washington, ,2015,nymph,-85.54856588,30.60323432,251637.38,733763.86
Zoraena sayi,2/7/2015,Series of ravine seepage streams downslope from sandhill undergoing residential and golf course development; nymphs netted from streamside mucks.<br /> ,"During 15 days in fall-early winter of 2012, 2013, 2014, and 2015, species found at ca. 30 seepages (U13KEP04FLUS, U15KEP01FLUS, U15KEP04FLUS).","Keppner, E. J.  2015.  Locality data for Cordulegaster sayi in Florida.  Revision (by D. Jackson) of excel file e-mailed to Florida Natural Areas Inventory on 9 February 2016.",1.0494,Very High ( >95% ),Compound(negligible in part),FNAI,FL,Washington, ,2015,nymph,-85.50056591,30.60735435,256241.42,734164.15
Zoraena sayi,2/7/2015,Series of ravine seepage streams downslope from sandhill undergoing residential and golf course development; nymphs netted from streamside mucks.<br /> ,"During 15 days in fall-early winter of 2012, 2013, 2014, and 2015, species found at ca. 30 seepages (U13KEP04FLUS, U15KEP01FLUS, U15KEP04FLUS).","Keppner, E. J.  2015.  Locality data for Cordulegaster sayi in Florida.  Revision (by D. Jackson) of excel file e-mailed to Florida Natural Areas Inventory on 9 February 2016.",1.0494,Very High ( >95% ),Compound(negligible in part),FNAI,FL,Washington, ,2015,nymph,-85.57114591,30.56470439,249419.71,729516.04
Zoraena sayi,2/7/2015,Series of ravine seepage streams downslope from sandhill undergoing residential and golf course development; nymphs netted from streamside mucks.<br /> ,"During 15 days in fall-early winter of 2012, 2013, 2014, and 2015, species found at ca. 30 seepages (U13KEP04FLUS, U15KEP01FLUS, U15KEP04FLUS).","Keppner, E. J.  2015.  Locality data for Cordulegaster sayi in Florida.  Revision (by D. Jackson) of excel file e-mailed to Florida Natural Areas Inventory on 9 February 2016.",1.0494,Very High ( >95% ),Compound(negligible in part),FNAI,FL,Washington, ,2015,nymph,-85.57718586,30.56497441,248905.365,729565.0591
Zoraena sayi,2/7/2015,Series of ravine seepage streams downslope from sandhill undergoing residential and golf course development; nymphs netted from streamside mucks.<br /> ,"During 15 days in fall-early winter of 2012, 2013, 2014, and 2015, species found at ca. 30 seepages (U13KEP04FLUS, U15KEP01FLUS, U15KEP04FLUS).","Keppner, E. J.  2015.  Locality data for Cordulegaster sayi in Florida.  Revision (by D. Jackson) of excel file e-mailed to Florida Natural Areas Inventory on 9 February 2016.",1.0494,Very High ( >95% ),Compound(negligible in part),FNAI,FL,Washington, ,2015,nymph,-85.57285591,30.57563433,249254.1929,730728.7998
Zoraena sayi,2/7/2015,Series of ravine seepage streams downslope from sandhill undergoing residential and golf course development; nymphs netted from streamside mucks.<br /> ,"During 15 days in fall-early winter of 2012, 2013, 2014, and 2015, species found at ca. 30 seepages (U13KEP04FLUS, U15KEP01FLUS, U15KEP04FLUS).","Keppner, E. J.  2015.  Locality data for Cordulegaster sayi in Florida.  Revision (by D. Jackson) of excel file e-mailed to Florida Natural Areas Inventory on 9 February 2016.",1.0494,Very High ( >95% ),Compound(negligible in part),FNAI,FL,Washington, ,2015,nymph,-85.56601999,30.56969999,249917.9967,730064.0973
Zoraena sayi,2/7/2015,Series of ravine seepage streams downslope from sandhill undergoing residential and golf course development; nymphs netted from streamside mucks.<br /> ,"During 15 days in fall-early winter of 2012, 2013, 2014, and 2015, species found at ca. 30 seepages (U13KEP04FLUS, U15KEP01FLUS, U15KEP04FLUS).","Keppner, E. J.  2015.  Locality data for Cordulegaster sayi in Florida.  Revision (by D. Jackson) of excel file e-mailed to Florida Natural Areas Inventory on 9 February 2016.",1.0494,Very High ( >95% ),Compound(negligible in part),FNAI,FL,Washington, ,2015,nymph,-85.56894587,30.57035437,249638.53,730140.27
Zoraena sayi,2/7/2015,Series of ravine seepage streams downslope from sandhill undergoing residential and golf course development; nymphs netted from streamside mucks.<br /> ,"During 15 days in fall-early winter of 2012, 2013, 2014, and 2015, species found at ca. 30 seepages (U13KEP04FLUS, U15KEP01FLUS, U15KEP04FLUS).","Keppner, E. J.  2015.  Locality data for Cordulegaster sayi in Florida.  Revision (by D. Jackson) of excel file e-mailed to Florida Natural Areas Inventory on 9 February 2016.",1.0494,Very High ( >95% ),Compound(negligible in part),FNAI,FL,Washington, ,2015,nymph,-85.59352589,30.57579438,247290.81,730774.09
Zoraena sayi,2/7/2015,Series of ravine seepage streams downslope from sandhill undergoing residential and golf course development; nymphs netted from streamside mucks.<br /> ,"During 15 days in fall-early winter of 2012, 2013, 2014, and 2015, species found at ca. 30 seepages (U13KEP04FLUS, U15KEP01FLUS, U15KEP04FLUS).","Keppner, E. J.  2015.  Locality data for Cordulegaster sayi in Florida.  Revision (by D. Jackson) of excel file e-mailed to Florida Natural Areas Inventory on 9 February 2016.",1.0494,Very High ( >95% ),Compound(negligible in part),FNAI,FL,Washington, ,2015,nymph,-85.58752,30.57648999,247867.3227,730843.85
Zoraena sayi,2/7/2015,Series of ravine seepage streams downslope from sandhill undergoing residential and golf course development; nymphs netted from streamside mucks.<br /> ,"During 15 days in fall-early winter of 2012, 2013, 2014, and 2015, species found at ca. 30 seepages (U13KEP04FLUS, U15KEP01FLUS, U15KEP04FLUS).","Keppner, E. J.  2015.  Locality data for Cordulegaster sayi in Florida.  Revision (by D. Jackson) of excel file e-mailed to Florida Natural Areas Inventory on 9 February 2016.",1.0494,Very High ( >95% ),Compound(negligible in part),FNAI,FL,Washington, ,2015,nymph,-85.57504592,30.59425437,249087.83,732799.61
Zoraena sayi,2/7/2015,Series of ravine seepage streams downslope from sandhill undergoing residential and golf course development; nymphs netted from streamside mucks.<br /> ,"During 15 days in fall-early winter of 2012, 2013, 2014, and 2015, species found at ca. 30 seepages (U13KEP04FLUS, U15KEP01FLUS, U15KEP04FLUS).","Keppner, E. J.  2015.  Locality data for Cordulegaster sayi in Florida.  Revision (by D. Jackson) of excel file e-mailed to Florida Natural Areas Inventory on 9 February 2016.",1.0494,Very High ( >95% ),Compound(negligible in part),FNAI,FL,Washington, ,2015,nymph,-85.56894999,30.58657999,249661.0422,731940.6378
Zoraena sayi,2/7/2015,Series of ravine seepage streams downslope from sandhill undergoing residential and golf course development; nymphs netted from streamside mucks.<br /> ,"During 15 days in fall-early winter of 2012, 2013, 2014, and 2015, species found at ca. 30 seepages (U13KEP04FLUS, U15KEP01FLUS, U15KEP04FLUS).","Keppner, E. J.  2015.  Locality data for Cordulegaster sayi in Florida.  Revision (by D. Jackson) of excel file e-mailed to Florida Natural Areas Inventory on 9 February 2016.",1.0494,Very High ( >95% ),Compound(negligible in part),FNAI,FL,Washington, ,2015,nymph,-85.56201589,30.57692441,250311.87,730860.84
Zoraena sayi,2/7/2015,Series of ravine seepage streams downslope from sandhill undergoing residential and golf course development; nymphs netted from streamside mucks.<br /> ,"During 15 days in fall-early winter of 2012, 2013, 2014, and 2015, species found at ca. 30 seepages (U13KEP04FLUS, U15KEP01FLUS, U15KEP04FLUS).","Keppner, E. J.  2015.  Locality data for Cordulegaster sayi in Florida.  Revision (by D. Jackson) of excel file e-mailed to Florida Natural Areas Inventory on 9 February 2016.",1.0494,Very High ( >95% ),Compound(negligible in part),FNAI,FL,Washington, ,2015,nymph,-85.56156588,30.58343441,250364.14,731582.63
Zoraena sayi,2/7/2015,Series of ravine seepage streams downslope from sandhill undergoing residential and golf course development; nymphs netted from streamside mucks.<br /> ,"During 15 days in fall-early winter of 2012, 2013, 2014, and 2015, species found at ca. 30 seepages (U13KEP04FLUS, U15KEP01FLUS, U15KEP04FLUS).","Keppner, E. J.  2015.  Locality data for Cordulegaster sayi in Florida.  Revision (by D. Jackson) of excel file e-mailed to Florida Natural Areas Inventory on 9 February 2016.",1.0494,Very High ( >95% ),Compound(negligible in part),FNAI,FL,Washington, ,2015,nymph,-85.57300001,30.57909,249255.4944,731116.0282
Zoraena sayi,2/7/2015,Series of ravine seepage streams downslope from sandhill undergoing residential and golf course development; nymphs netted from streamside mucks.<br /> ,"During 15 days in fall-early winter of 2012, 2013, 2014, and 2015, species found at ca. 30 seepages (U13KEP04FLUS, U15KEP01FLUS, U15KEP04FLUS).","Keppner, E. J.  2015.  Locality data for Cordulegaster sayi in Florida.  Revision (by D. Jackson) of excel file e-mailed to Florida Natural Areas Inventory on 9 February 2016.",1.0494,Very High ( >95% ),Compound(negligible in part),FNAI,FL,Washington, ,2015,nymph,-85.56945588,30.60015434,249631.74,733447.42
Zoraena sayi,2/7/2015,Series of ravine seepage streams downslope from sandhill undergoing residential and golf course development; nymphs netted from streamside mucks.<br /> ,"During 15 days in fall-early winter of 2012, 2013, 2014, and 2015, species found at ca. 30 seepages (U13KEP04FLUS, U15KEP01FLUS, U15KEP04FLUS).","Keppner, E. J.  2015.  Locality data for Cordulegaster sayi in Florida.  Revision (by D. Jackson) of excel file e-mailed to Florida Natural Areas Inventory on 9 February 2016.",1.0494,Very High ( >95% ),Compound(negligible in part),FNAI,FL,Washington, ,2015,nymph,-85.57498584,30.59663435,249096.96,733063.61
Zoraena sayi,2/7/2015,Series of ravine seepage streams downslope from sandhill undergoing residential and golf course development; nymphs netted from streamside mucks.<br /> ,"During 15 days in fall-early winter of 2012, 2013, 2014, and 2015, species found at ca. 30 seepages (U13KEP04FLUS, U15KEP01FLUS, U15KEP04FLUS).","Keppner, E. J.  2015.  Locality data for Cordulegaster sayi in Florida.  Revision (by D. Jackson) of excel file e-mailed to Florida Natural Areas Inventory on 9 February 2016.",1.0494,Very High ( >95% ),Compound(negligible in part),FNAI,FL,Washington, ,2015,nymph,-85.54934594,30.5985944,251556.18,733249.97
Zoraena sayi,2/7/2015,Series of ravine seepage streams downslope from sandhill undergoing residential and golf course development; nymphs netted from streamside mucks.<br /> ,"During 15 days in fall-early winter of 2012, 2013, 2014, and 2015, species found at ca. 30 seepages (U13KEP04FLUS, U15KEP01FLUS, U15KEP04FLUS).","Keppner, E. J.  2015.  Locality data for Cordulegaster sayi in Florida.  Revision (by D. Jackson) of excel file e-mailed to Florida Natural Areas Inventory on 9 February 2016.",1.0494,Very High ( >95% ),Compound(negligible in part),FNAI,FL,Washington, ,2015,nymph,-85.5402859,30.58809435,252409.63,732074.04
Zoraena sayi,2/7/2015,Series of ravine seepage streams downslope from sandhill undergoing residential and golf course development; nymphs netted from streamside mucks.<br /> ,"During 15 days in fall-early winter of 2012, 2013, 2014, and 2015, species found at ca. 30 seepages (U13KEP04FLUS, U15KEP01FLUS, U15KEP04FLUS).","Keppner, E. J.  2015.  Locality data for Cordulegaster sayi in Florida.  Revision (by D. Jackson) of excel file e-mailed to Florida Natural Areas Inventory on 9 February 2016.",1.0494,Very High ( >95% ),Compound(negligible in part),FNAI,FL,Washington, ,2015,nymph,-85.54832589,30.59097439,251643.29,732403.25
Zoraena sayi,2/20/2015,"Within Eglin Air Force Base. Specimens from headwaters of multiple seepage streams draining into Titi Creek, which drains to the Yellow River via Shoal River.",Nymphs collected on 2 dates (in 2014-2015) and at 3 sites. ,"Keppner, E. J.  2015.  Locality data for Cordulegaster sayi in Florida.  Revision (by D. Jackson) of excel file e-mailed to Florida Natural Areas Inventory on 9 February 2016.",0.0468,Very High ( >95% ),Negligible,FNAI,FL,Walton, ,2015,nymph,-86.30218571,30.72695439,179692.632,748618.6115
Zoraena sayi,2/20/2015,"Within Eglin Air Force Base. Specimens from headwaters of multiple seepage streams draining into Titi Creek, which drains to the Yellow River via Shoal River.",Nymphs collected on 2 dates (in 2014-2015) and at 3 sites. ,"Keppner, E. J.  2015.  Locality data for Cordulegaster sayi in Florida.  Revision (by D. Jackson) of excel file e-mailed to Florida Natural Areas Inventory on 9 February 2016.",0.0468,Very High ( >95% ),Negligible,FNAI,FL,Walton, ,2015,nymph,-86.36450562,30.72594432,173734.07,748617.53
Zoraena sayi,2/20/2015,"Within Eglin Air Force Base. Specimens from headwaters of multiple seepage streams draining into Titi Creek, which drains to the Yellow River via Shoal River.",Nymphs collected on 2 dates (in 2014-2015) and at 3 sites. ,"Keppner, E. J.  2015.  Locality data for Cordulegaster sayi in Florida.  Revision (by D. Jackson) of excel file e-mailed to Florida Natural Areas Inventory on 9 February 2016.",0.0468,Very High ( >95% ),Negligible,FNAI,FL,Walton, ,2015,nymph,-86.32805562,30.72773434,177222.7347,748780.6449
Zoraena sayi,2/26/2015,"In Seven Runs Creek (SRC) conservation easements; extensive tract of undeveloped land being restored and managed for conservation. Specimens from multiple seepage streams draining into SRC, tributary to Choctawhatchee River.",Nymphs collected in 4 different seepage ravines on 2015-02-26. ,"Keppner, E. J.  2015.  Locality data for Cordulegaster sayi in Florida.  Revision (by D. Jackson) of excel file e-mailed to Florida Natural Areas Inventory on 9 February 2016.",0.0624,Very High ( >95% ),Negligible,FNAI,FL,Walton, ,2015,nymph,-85.94375576,30.53577442,213658.185,726803.0085
Zoraena sayi,2/26/2015,"In Seven Runs Creek (SRC) conservation easements; extensive tract of undeveloped land being restored and managed for conservation. Specimens from multiple seepage streams draining into SRC, tributary to Choctawhatchee River.",Nymphs collected in 4 different seepage ravines on 2015-02-26. ,"Keppner, E. J.  2015.  Locality data for Cordulegaster sayi in Florida.  Revision (by D. Jackson) of excel file e-mailed to Florida Natural Areas Inventory on 9 February 2016.",0.0624,Very High ( >95% ),Negligible,FNAI,FL,Walton, ,2015,nymph,-85.97390573,30.53857443,210793.9687,727175.6614
Zoraena sayi,2/26/2015,"In Seven Runs Creek (SRC) conservation easements; extensive tract of undeveloped land being restored and managed for conservation. Specimens from multiple seepage streams draining into SRC, tributary to Choctawhatchee River.",Nymphs collected in 4 different seepage ravines on 2015-02-26. ,"Keppner, E. J.  2015.  Locality data for Cordulegaster sayi in Florida.  Revision (by D. Jackson) of excel file e-mailed to Florida Natural Areas Inventory on 9 February 2016.",0.0624,Very High ( >95% ),Negligible,FNAI,FL,Walton, ,2015,nymph,-85.94572575,30.54031442,213479.57,727321.77
Zoraena sayi,2/26/2015,"In Seven Runs Creek (SRC) conservation easements; extensive tract of undeveloped land being restored and managed for conservation. Specimens from multiple seepage streams draining into SRC, tributary to Choctawhatchee River.",Nymphs collected in 4 different seepage ravines on 2015-02-26. ,"Keppner, E. J.  2015.  Locality data for Cordulegaster sayi in Florida.  Revision (by D. Jackson) of excel file e-mailed to Florida Natural Areas Inventory on 9 February 2016.",0.0624,Very High ( >95% ),Negligible,FNAI,FL,Walton, ,2015,nymph,-86.01869572,30.55919434,206519.46,729529.02
Zoraena sayi,10/5/2012,"Extensive tract of single-owner private land. This portion of uplands has been converted to pine plantation.  Includes multiple seepage streams draining into Holmes Creek, which drains to the Choctawhatchee River.",Nymphs collected in 5 different seepage ravines on 3 dates in 2011 and 2012. ,"Keppner, E. J.  2015.  Locality data for Cordulegaster sayi in Florida.  Revision (by D. Jackson) of excel file e-mailed to Florida Natural Areas Inventory on 9 February 2016.",0.0781,Very High ( >95% ),Negligible,FNAI,FL,Washington, ,2012,nymph,-85.83371584,30.54690439,224227.1165,727896.1688
Zoraena sayi,10/5/2012,"Extensive tract of single-owner private land. This portion of uplands has been converted to pine plantation.  Includes multiple seepage streams draining into Holmes Creek, which drains to the Choctawhatchee River.",Nymphs collected in 5 different seepage ravines on 3 dates in 2011 and 2012. ,"Keppner, E. J.  2015.  Locality data for Cordulegaster sayi in Florida.  Revision (by D. Jackson) of excel file e-mailed to Florida Natural Areas Inventory on 9 February 2016.",0.0781,Very High ( >95% ),Negligible,FNAI,FL,Washington, ,2012,nymph,-85.83684582,30.54968442,223896.4001,728204.189
Zoraena sayi,10/5/2012,"Extensive tract of single-owner private land. This portion of uplands has been converted to pine plantation.  Includes multiple seepage streams draining into Holmes Creek, which drains to the Choctawhatchee River.",Nymphs collected in 5 different seepage ravines on 3 dates in 2011 and 2012. ,"Keppner, E. J.  2015.  Locality data for Cordulegaster sayi in Florida.  Revision (by D. Jackson) of excel file e-mailed to Florida Natural Areas Inventory on 9 February 2016.",0.0781,Very High ( >95% ),Negligible,FNAI,FL,Washington, ,2012,nymph,-85.83240585,30.55414437,224364.58,728689.89
Zoraena sayi,10/5/2012,"Extensive tract of single-owner private land. This portion of uplands has been converted to pine plantation.  Includes multiple seepage streams draining into Holmes Creek, which drains to the Choctawhatchee River.",Nymphs collected in 5 different seepage ravines on 3 dates in 2011 and 2012. ,"Keppner, E. J.  2015.  Locality data for Cordulegaster sayi in Florida.  Revision (by D. Jackson) of excel file e-mailed to Florida Natural Areas Inventory on 9 February 2016.",0.0781,Very High ( >95% ),Negligible,FNAI,FL,Washington, ,2012,nymph,-85.83068585,30.55669437,224533.63,728970.38
Zoraena sayi,10/5/2012,"Extensive tract of single-owner private land. This portion of uplands has been converted to pine plantation.  Includes multiple seepage streams draining into Holmes Creek, which drains to the Choctawhatchee River.",Nymphs collected in 5 different seepage ravines on 3 dates in 2011 and 2012. ,"Keppner, E. J.  2015.  Locality data for Cordulegaster sayi in Florida.  Revision (by D. Jackson) of excel file e-mailed to Florida Natural Areas Inventory on 9 February 2016.",0.0781,Very High ( >95% ),Negligible,FNAI,FL,Washington, ,2012,nymph,-85.82252585,30.56021435,225321.46,729349.36
Zoraena sayi,9/14/2011,"Extensive tract of single-owner private land. Tiller Mill Lake appears to be a high quality, oligotrophic lake in former sandhill, although most of that community has been converted to pine plantation.",Nymphs collected in 2 different steephead seepages on 2 dates in September 2011. ,"Keppner, E. J.  2015.  Locality data for Cordulegaster sayi in Florida.  Revision (by D. Jackson) of excel file e-mailed to Florida Natural Areas Inventory on 9 February 2016.",0.0312,Very High ( >95% ),Negligible,FNAI,FL,Washington, ,2011,nymph,-85.78803578,30.48348439,228503.44,720787.03
Zoraena sayi,9/14/2011,"Extensive tract of single-owner private land. Tiller Mill Lake appears to be a high quality, oligotrophic lake in former sandhill, although most of that community has been converted to pine plantation.",Nymphs collected in 2 different steephead seepages on 2 dates in September 2011. ,"Keppner, E. J.  2015.  Locality data for Cordulegaster sayi in Florida.  Revision (by D. Jackson) of excel file e-mailed to Florida Natural Areas Inventory on 9 February 2016.",0.0312,Very High ( >95% ),Negligible,FNAI,FL,Washington, ,2011,nymph,-85.7995158,30.48637441,227407.11,721123.73
Zoraena sayi,2/15/2015,"2015 sites are in disturbed sandhill with extensive subdivision roads but little development.  One drains to Econfina Creek, and 2 to Chipola River via Tenmile Creek.",Nymph(s) collected at 3 creek seepages on 2 dates in May 2015. ,"Keppner, E. J.  2015.  Locality data for Cordulegaster sayi in Florida.  Revision (by D. Jackson) of excel file e-mailed to Florida Natural Areas Inventory on 9 February 2016.",0.0468,Very High ( >95% ),Negligible,FNAI,FL,Jackson, ,2015,nymph,-85.30563595,30.60085434,274907.89,733230.43
Zoraena sayi,2/15/2015,"2015 sites are in disturbed sandhill with extensive subdivision roads but little development.  One drains to Econfina Creek, and 2 to Chipola River via Tenmile Creek.",Nymph(s) collected at 3 creek seepages on 2 dates in May 2015. ,"Keppner, E. J.  2015.  Locality data for Cordulegaster sayi in Florida.  Revision (by D. Jackson) of excel file e-mailed to Florida Natural Areas Inventory on 9 February 2016.",0.0468,Very High ( >95% ),Negligible,FNAI,FL,Jackson, ,2015,nymph,-85.30215592,30.60442437,275245.48,733623.03
Zoraena sayi,2/15/2015,"2015 sites are in disturbed sandhill with extensive subdivision roads but little development.  One drains to Econfina Creek, and 2 to Chipola River via Tenmile Creek.",Nymph(s) collected at 3 creek seepages on 2 dates in May 2015. ,"Keppner, E. J.  2015.  Locality data for Cordulegaster sayi in Florida.  Revision (by D. Jackson) of excel file e-mailed to Florida Natural Areas Inventory on 9 February 2016.",0.0468,Very High ( >95% ),Negligible,FNAI,FL,Jackson, ,2015,nymph,-85.32770593,30.61055431,272815.1718,734328.0512
Zoraena sayi,2020-03,"State forest generally protecting stream systems and restoring degraded sandhill uplands. Ravine drains to Lake Talquin, impoundment of Ochlockonee River.",Nymph(s) collected at 2 adjacent creek seepages in same ravine on 1 date in April 2015. Adults observed flying along McCook Road in March 2020.,"Keppner, E. J.  2015.  Locality data for Cordulegaster sayi in Florida.  Revision (by D. Jackson) of excel file e-mailed to Florida Natural Areas Inventory on 9 February 2016.",7.7449,Very High ( >95% ),Negligible,FNAI,FL,Gadsden, ,2020,adult,-84.61987528,30.46078629,340719.295,717361.8188
Zoraena sayi,2020-03,"State forest generally protecting stream systems and restoring degraded sandhill uplands. Ravine drains to Lake Talquin, impoundment of Ochlockonee River.",Nymph(s) collected at 2 adjacent creek seepages in same ravine on 1 date in April 2015. Adults observed flying along McCook Road in March 2020.,"Keppner, E. J.  2015.  Locality data for Cordulegaster sayi in Florida.  Revision (by D. Jackson) of excel file e-mailed to Florida Natural Areas Inventory on 9 February 2016.",7.7449,Very High ( >95% ),Negligible,FNAI,FL,Gadsden, ,2020,nymph,-84.62989618,30.43865439,339557.26,714722.99
Zoraena sayi,2020-03,"State forest generally protecting stream systems and restoring degraded sandhill uplands. Ravine drains to Lake Talquin, impoundment of Ochlockonee River.",Nymph(s) collected at 2 adjacent creek seepages in same ravine on 1 date in April 2015. Adults observed flying along McCook Road in March 2020.,"Keppner, E. J.  2015.  Locality data for Cordulegaster sayi in Florida.  Revision (by D. Jackson) of excel file e-mailed to Florida Natural Areas Inventory on 9 February 2016.",7.7449,Very High ( >95% ),Negligible,FNAI,FL,Gadsden, ,2020,nymph,-84.63200621,30.43916435,339355.08,714780.62
Zoraena sayi,3/25/2015,"State forest generally protecting stream systems and restoring sandhill uplands. Ravine drains to Lake Talquin, impoundment of Ochlockonee River.  Highway runs above ravine heads. National Forest to south.","Nymph(s) collected, adult observed, at 2 adjacent seepage ravines on 1 date in March 2015. ","Keppner, E. J.  2015.  Locality data for Cordulegaster sayi in Florida.  Revision (by D. Jackson) of excel file e-mailed to Florida Natural Areas Inventory on 9 February 2016.",0.0312,Very High ( >95% ),Negligible,FNAI,FL,Leon, ,2015,nymph,-84.48896624,30.4404344,353055.2534,714876.0169
Zoraena sayi,3/25/2015,"State forest generally protecting stream systems and restoring sandhill uplands. Ravine drains to Lake Talquin, impoundment of Ochlockonee River.  Highway runs above ravine heads. National Forest to south.","Nymph(s) collected, adult observed, at 2 adjacent seepage ravines on 1 date in March 2015. ","Keppner, E. J.  2015.  Locality data for Cordulegaster sayi in Florida.  Revision (by D. Jackson) of excel file e-mailed to Florida Natural Areas Inventory on 9 February 2016.",0.0312,Very High ( >95% ),Negligible,FNAI,FL,Leon, ,2015,nymph,-84.49559623,30.44175441,352445.54,715008.21
Zoraena sayi,3/8/2024,Gold Head Branch St. Pk., , ,0,15, ,Flenniken unpublished data,FL,Clay, ,2024,adult,-81.948923,29.83841096,597748.9203,649598.8703
Zoraena sayi,3/15/2024,Gold Head Branch St. Pk., , ,0,15, ,Flenniken unpublished data,FL,Clay, ,2024,adult,-81.945845,29.83358399,598085.1424,649087.0994
Zoraena sayi,3/28/2024,Gold Head Branch St. Pk., , ,0,15, ,Flenniken unpublished data,FL,Clay, ,2024,adult,-81.94476499,29.82843096,598259.7236,648493.7465
Zoraena sayi,3/20/2015,Jennings St. Fr., , ,0, , ,OdonataCentral,FL,Clay, ,2015,adult,-81.8824,30.1222,603523.9195,681302.3692
Zoraena sayi,3/31/2024,Ohoopee Dunes WMA, , ,0,precise, ,OdonataCentral,GA,Emanuel, ,2024,adult,-82.42282,32.618608,548463.0779,957097.4932
Zoraena sayi,3/16/2023,Bear Creek Educational Forest, , ,0, , ,OdonataCentral,FL,Gadsden, ,2023,adult,-84.625787,30.473082,339970.9482,718541.5875
Zoraena sayi,3/16/2010,Apalachicola Bluffs and Ravines Prsrv. (TNC), , ,0, , ,OdonataCentral,FL,Liberty, ,2010,adult,-84.9765,30.459,306146.9476,717027.2929
Zoraena sayi,3/7/2018,Ralph E. Simmons St. Fr., , ,0, , ,OdonataCentral,FL,Nassau, ,2018,adult,-81.95449,30.79087,595623.9092,755274.3377
Zoraena sayi,3/26/2017,Ralph E. Simmons St. Fr., , ,0, , ,OdonataCentral,FL,Nassau, ,2017,adult,-81.953277,30.780553,595447.5582,754056.6623
Zoraena sayi,3/3/2017,Ralph E. Simmons St. Fr., , ,0, , ,OdonataCentral,FL,Nassau, ,2017,adult,-81.937615,30.816782,596910.5838,758174.83
Zoraena sayi,3/3/2017,Ralph E. Simmons St. Fr., , ,0, , ,OdonataCentral,FL,Nassau, ,2017,adult,-81.954402,30.784649,595354.6358,754495.0287
Zoraena sayi,3/24/2018,Dunns Creek St. Pk., , ,0, , ,OdonataCentral,FL,Putnam, ,2018,adult,-81.61583,29.55583,630554.3092,618852.3316
Zoraena sayi,3/29/2016,Blackwater River St. Fr., , ,0, , ,OdonataCentral,FL,Santa Rosa, ,2016,adult,-86.80471,30.74066,131799.6553,750909.1087
Zoraena sayi,3/9/2021,Camp Blanding, , ,0, , ,OdonataCentral,FL,Clay, ,2021,nymph,-81.98775167,29.871225,594108.6329,653169.4322
Zoraena sayi,3/16/2023,Bear Creek Educational Forest, , ,0,84, ,iNaturalist,FL,Gadsden, ,2023,adult,-84.61858387,30.47106649,340943.5934,718260.2575
Zoraena sayi,3/30/2014,Lake Talquin State Park, , ,0,8, ,iNaturalist,FL,Leon, ,2014,adult,-84.53153237,30.4358138,349208.2642,714187.5215
Zoraena sayi,3/16/2018,Retained despite large uncertainty due to novel location., ,Jennings St. Fr.,0,488, ,iNaturalist,FL,Clay, ,2018,adult,-81.9264371,30.16237861,599237.0677,685539.2131
Zoraena sayi,10/23/2013,"Wash. Co.,  ravine seepage stream broad floodplain, Nyssa swamp, muck among roots, C. sayi", , ,0, , ,Ed Keppner,FL,Washington, ,2013,nymph,-85.59323,30.57079,247311.9893,730218.4468
